airline,date_of_journey,source,destination,dep_time,arrival_time,duration,total_stops,additional_info,price
Jet Airways,2019-03-27,Delhi,Cochin,20:50:00,04:25:00,455,1.0,No Info,12242
Multiple Carriers,2019-06-03,Delhi,Cochin,10:35:00,19:15:00,520,1.0,No Info,7354
Indigo,2019-05-18,Delhi,Cochin,08:35:00,16:10:00,455,1.0,No Info,6442
Multiple Carriers,2019-06-03,Delhi,Cochin,10:00:00,21:00:00,660,1.0,No Info,13587
Jet Airways,2019-06-15,Delhi,Cochin,22:50:00,19:00:00,1210,1.0,In-flight meal not included,10262
Indigo,2019-05-12,Chennai,Kolkata,11:35:00,14:00:00,145,0.0,No Info,4332
Spicejet,2019-06-03,Mumbai,Hyderabad,13:15:00,14:45:00,90,0.0,No check-in baggage included,1965
Indigo,2019-06-21,Mumbai,Hyderabad,16:55:00,18:25:00,90,0.0,No Info,4392
Multiple Carriers,2019-03-03,Delhi,Cochin,08:25:00,18:50:00,625,1.0,No Info,15135
Jet Airways,2019-06-01,Delhi,Cochin,09:00:00,12:35:00,1655,1.0,In-flight meal not included,10262
Indigo,2019-06-18,Banglore,Delhi,01:30:00,04:15:00,165,0.0,No Info,3419
Indigo,2019-05-24,Kolkata,Banglore,20:20:00,22:55:00,155,0.0,No Info,4804
Air India,2019-06-15,Delhi,Cochin,09:45:00,23:00:00,795,1.0,No Info,8907
Multiple Carriers,2019-03-21,Delhi,Cochin,04:45:00,19:15:00,870,1.0,No Info,6630
Spicejet,2019-06-01,Chennai,Kolkata,08:20:00,10:35:00,135,0.0,No check-in baggage included,3543
Vistara,2019-06-18,Banglore,Delhi,11:30:00,14:20:00,170,0.0,No Info,4668
Indigo,2019-06-01,Banglore,Delhi,01:30:00,04:15:00,165,0.0,No Info,4077
Jet Airways,2019-04-01,Kolkata,Banglore,06:30:00,19:50:00,800,1.0,In-flight meal not included,7064
Multiple Carriers,2019-03-03,Delhi,Cochin,04:00:00,13:20:00,560,1.0,No Info,14973
Vistara,2019-03-06,Mumbai,Hyderabad,07:30:00,19:55:00,745,1.0,No Info,12395
Multiple Carriers,2019-05-09,Delhi,Cochin,19:00:00,01:30:00,390,1.0,No Info,9424
Spicejet,2019-03-27,Chennai,Kolkata,17:45:00,20:05:00,140,0.0,No check-in baggage included,3332
Multiple Carriers,2019-06-15,Delhi,Cochin,18:15:00,01:30:00,435,1.0,No Info,13377
Jet Airways,2019-03-01,Banglore,New Delhi,14:05:00,00:45:00,640,1.0,No Info,26890
Vistara,2019-05-06,Chennai,Kolkata,07:05:00,09:20:00,135,0.0,No Info,3687
Vistara,2019-05-21,Banglore,Delhi,09:45:00,12:35:00,170,0.0,No Info,4668
Jet Airways,2019-03-06,Banglore,New Delhi,11:40:00,18:25:00,405,1.0,No Info,19225
Air India,2019-05-24,Kolkata,Banglore,10:00:00,01:20:00,920,2.0,No Info,14083
Air India,2019-03-21,Kolkata,Banglore,14:15:00,16:45:00,150,0.0,No Info,5170
Jet Airways,2019-05-21,Banglore,Delhi,18:55:00,22:00:00,185,0.0,In-flight meal not included,4030
Air India,2019-03-24,Kolkata,Banglore,16:45:00,23:15:00,1830,2.0,No Info,12835
Indigo,2019-06-03,Mumbai,Hyderabad,09:10:00,10:40:00,90,0.0,No Info,4049
Jet Airways,2019-03-06,Delhi,Cochin,13:55:00,04:25:00,870,1.0,In-flight meal not included,13843
Multiple Carriers,2019-06-27,Delhi,Cochin,06:40:00,19:15:00,755,1.0,No Info,7354
Air India,2019-05-06,Kolkata,Banglore,07:00:00,10:30:00,1650,3.0,No Info,13007
Multiple Carriers,2019-05-01,Delhi,Cochin,08:30:00,19:00:00,630,1.0,No Info,9627
Jet Airways,2019-05-01,Kolkata,Banglore,20:00:00,12:00:00,960,1.0,In-flight meal not included,9663
Air India,2019-03-01,Banglore,New Delhi,13:50:00,18:40:00,1730,1.0,No Info,17198
Spicejet,2019-06-24,Delhi,Cochin,08:45:00,13:15:00,270,1.0,No Info,4812
Jet Airways,2019-03-03,Delhi,Cochin,09:00:00,18:50:00,590,1.0,In-flight meal not included,15400
Indigo,2019-06-03,Delhi,Cochin,05:05:00,16:10:00,665,1.0,No Info,6818
Jet Airways,2019-05-27,Delhi,Cochin,23:05:00,04:25:00,1760,2.0,No Info,15129
Air Asia,2019-04-21,Kolkata,Banglore,22:50:00,01:20:00,150,0.0,No Info,5645
Jet Airways,2019-05-09,Kolkata,Banglore,20:25:00,14:25:00,1080,1.0,In-flight meal not included,9314
Air India,2019-06-06,Kolkata,Banglore,16:50:00,07:55:00,905,1.0,No Info,8366
Jet Airways,2019-05-09,Banglore,Delhi,08:20:00,11:20:00,180,0.0,In-flight meal not included,4544
Indigo,2019-06-06,Chennai,Kolkata,05:15:00,07:40:00,145,0.0,No Info,3540
Jet Airways,2019-05-01,Banglore,Delhi,19:50:00,22:50:00,180,0.0,No Info,7229
Jet Airways,2019-03-06,Banglore,New Delhi,09:45:00,14:25:00,280,1.0,No Info,16757
Jet Airways,2019-05-18,Delhi,Cochin,23:05:00,04:25:00,1760,2.0,No Info,15129
Indigo,2019-03-21,Banglore,New Delhi,04:00:00,06:50:00,170,0.0,No Info,4777
Jet Airways,2019-04-01,Kolkata,Banglore,08:25:00,12:00:00,1655,1.0,In-flight meal not included,7064
Air Asia,2019-05-01,Banglore,Delhi,04:55:00,07:45:00,170,0.0,No Info,4282
Air India,2019-03-15,Banglore,New Delhi,06:45:00,15:15:00,510,1.0,No Info,8714
Jet Airways,2019-06-27,Banglore,Delhi,17:45:00,20:45:00,180,0.0,In-flight meal not included,7229
Spicejet,2019-05-15,Delhi,Cochin,17:55:00,22:50:00,295,1.0,No Info,5409
Air Asia,2019-03-01,Banglore,New Delhi,05:50:00,08:40:00,170,0.0,No Info,10715
Jet Airways,2019-03-18,Banglore,New Delhi,21:25:00,09:00:00,695,1.0,No Info,13555
Jet Airways,2019-03-12,Banglore,New Delhi,18:55:00,18:25:00,1410,1.0,In-flight meal not included,11087
Indigo,2019-03-01,Kolkata,Banglore,15:20:00,17:55:00,155,0.0,No Info,6565
Air India,2019-06-12,Delhi,Cochin,12:20:00,19:15:00,1855,2.0,No Info,12488
Jet Airways,2019-06-03,Delhi,Cochin,11:30:00,19:00:00,450,1.0,In-flight meal not included,10262
Indigo,2019-05-09,Chennai,Kolkata,05:15:00,07:40:00,145,0.0,No Info,3540
Jet Airways,2019-05-09,Kolkata,Banglore,20:25:00,10:55:00,870,1.0,In-flight meal not included,8066
Indigo,2019-03-18,Banglore,New Delhi,16:55:00,21:50:00,295,1.0,No Info,4049
Multiple Carriers,2019-05-18,Delhi,Cochin,14:55:00,22:30:00,455,1.0,No Info,7740
Jet Airways,2019-06-15,Delhi,Cochin,17:30:00,04:25:00,655,1.0,In-flight meal not included,10262
Jet Airways,2019-03-24,Kolkata,Banglore,18:55:00,18:10:00,1395,1.0,In-flight meal not included,11134
Indigo,2019-03-03,Banglore,New Delhi,13:40:00,18:35:00,295,1.0,No Info,8662
Jet Airways,2019-04-01,Kolkata,Banglore,09:35:00,21:05:00,690,1.0,In-flight meal not included,8066
Air India,2019-03-15,Banglore,New Delhi,11:50:00,08:55:00,1265,1.0,No Info,5932
Jet Airways,2019-03-09,Delhi,Cochin,19:15:00,18:50:00,1415,1.0,In-flight meal not included,14053
Jet Airways,2019-06-27,Delhi,Cochin,10:00:00,19:00:00,540,1.0,In-flight meal not included,10262
Air India,2019-04-01,Kolkata,Banglore,12:00:00,11:10:00,1390,2.0,No Info,9258
Jet Airways,2019-03-06,Banglore,New Delhi,21:25:00,20:20:00,1375,1.0,No Info,17471
Multiple Carriers,2019-05-09,Delhi,Cochin,11:30:00,01:30:00,840,1.0,No Info,15078
Vistara,2019-04-24,Delhi,Cochin,14:40:00,17:50:00,190,0.0,No Info,6216
Air India,2019-06-21,Delhi,Cochin,05:10:00,08:00:00,170,0.0,No Info,5201
Air India,2019-03-01,Banglore,New Delhi,06:10:00,08:55:00,165,0.0,No Info,15676
Multiple Carriers,2019-05-27,Delhi,Cochin,11:40:00,19:15:00,455,1.0,No Info,9316
Air India,2019-03-21,Banglore,New Delhi,10:30:00,11:20:00,1490,1.0,No Info,6383
Indigo,2019-05-09,Delhi,Cochin,14:25:00,17:40:00,195,0.0,No Info,6015
Jet Airways,2019-05-01,Delhi,Cochin,19:10:00,19:00:00,1430,2.0,No Info,15129
Indigo,2019-03-24,Banglore,New Delhi,18:25:00,21:20:00,175,0.0,No Info,7303
Multiple Carriers,2019-03-21,Delhi,Cochin,08:00:00,19:15:00,675,1.0,No Info,13378
Indigo,2019-06-12,Delhi,Cochin,11:25:00,01:30:00,845,1.0,No Info,5883
Spicejet,2019-05-21,Chennai,Kolkata,09:45:00,12:00:00,135,0.0,No check-in baggage included,3543
Spicejet,2019-03-15,Banglore,New Delhi,15:35:00,23:40:00,485,1.0,No Info,5822
Spicejet,2019-06-18,Banglore,Delhi,05:55:00,08:35:00,160,0.0,No check-in baggage included,3573
Multiple Carriers,2019-03-06,Delhi,Cochin,07:10:00,22:20:00,910,1.0,In-flight meal not included,7563
Indigo,2019-03-06,Delhi,Cochin,07:35:00,12:00:00,265,1.0,No Info,7725
Jet Airways,2019-05-09,Delhi,Cochin,11:30:00,04:25:00,1015,1.0,In-flight meal not included,12373
Jet Airways,2019-05-18,Kolkata,Banglore,17:00:00,14:25:00,1285,1.0,No Info,13067
Indigo,2019-06-06,Banglore,Delhi,08:30:00,11:20:00,170,0.0,No Info,4823
Jet Airways,2019-03-24,Kolkata,Banglore,19:45:00,19:40:00,1435,1.0,In-flight meal not included,10031
Multiple Carriers,2019-05-09,Delhi,Cochin,08:30:00,19:00:00,630,1.0,No Info,9627
Jet Airways,2019-03-27,Delhi,Cochin,20:50:00,19:45:00,1375,1.0,No Info,12032
Indigo,2019-05-06,Banglore,Delhi,13:00:00,15:50:00,170,0.0,No Info,3943
Jet Airways,2019-05-21,Delhi,Cochin,20:00:00,04:25:00,505,2.0,No Info,16263
Indigo,2019-05-21,Kolkata,Banglore,14:25:00,16:55:00,150,0.0,No Info,5224
Air Asia,2019-03-24,Kolkata,Banglore,10:20:00,12:55:00,155,0.0,No Info,5620
Air Asia,2019-06-06,Delhi,Cochin,07:55:00,13:25:00,330,1.0,No Info,8759
Air India,2019-06-15,Delhi,Cochin,05:55:00,19:15:00,800,2.0,No Info,12646
Indigo,2019-06-24,Banglore,Delhi,07:10:00,10:05:00,175,0.0,No Info,4823
Air India,2019-05-21,Delhi,Cochin,13:20:00,07:40:00,1100,2.0,No Info,13538
Air India,2019-03-18,Banglore,New Delhi,08:50:00,23:25:00,875,2.0,No Info,11728
Multiple Carriers,2019-06-12,Delhi,Cochin,07:05:00,22:30:00,925,1.0,No Info,9646
Jet Airways,2019-05-09,Kolkata,Banglore,14:05:00,20:45:00,400,1.0,In-flight meal not included,10844
Air India,2019-05-21,Mumbai,Hyderabad,21:05:00,22:25:00,80,0.0,No Info,3100
Jet Airways,2019-05-09,Delhi,Cochin,09:40:00,04:25:00,1125,2.0,No Info,15129
Jet Airways,2019-03-18,Banglore,New Delhi,18:40:00,07:40:00,780,1.0,In-flight meal not included,10972
Multiple Carriers,2019-05-09,Delhi,Cochin,07:30:00,19:00:00,690,1.0,No Info,9794
Indigo,2019-05-15,Delhi,Cochin,17:05:00,22:15:00,310,1.0,No Info,6027
Jet Airways,2019-06-01,Delhi,Cochin,19:45:00,19:00:00,1395,1.0,No Info,14714
Vistara,2019-05-12,Delhi,Cochin,14:40:00,17:50:00,190,0.0,No Info,6216
Jet Airways,2019-05-09,Kolkata,Banglore,16:30:00,09:20:00,1010,1.0,In-flight meal not included,9663
Jet Airways,2019-05-01,Kolkata,Banglore,20:00:00,04:40:00,520,1.0,In-flight meal not included,8586
Spicejet,2019-05-18,Kolkata,Banglore,22:20:00,00:40:00,140,0.0,No Info,3873
Vistara,2019-03-24,Banglore,New Delhi,11:30:00,14:10:00,160,0.0,No Info,5403
Spicejet,2019-05-27,Mumbai,Hyderabad,22:45:00,00:15:00,90,0.0,No check-in baggage included,1965
Air India,2019-05-21,Kolkata,Banglore,05:50:00,23:15:00,1045,2.0,No Info,13143
Air India,2019-03-06,Mumbai,Hyderabad,19:00:00,09:10:00,850,1.0,No Info,12308
Jet Airways,2019-05-12,Kolkata,Banglore,16:30:00,09:20:00,1010,1.0,In-flight meal not included,9663
Indigo,2019-05-12,Delhi,Cochin,21:05:00,00:20:00,195,0.0,No Info,8626
Jet Airways,2019-06-06,Banglore,Delhi,17:45:00,20:45:00,180,0.0,No Info,8016
Multiple Carriers,2019-06-03,Delhi,Cochin,10:00:00,01:30:00,930,1.0,No Info,9508
Jet Airways,2019-06-01,Delhi,Cochin,05:30:00,04:25:00,1375,2.0,No Info,13014
Indigo,2019-06-09,Delhi,Cochin,02:00:00,07:25:00,325,1.0,No Info,5636
Jet Airways,2019-03-24,Kolkata,Banglore,18:55:00,12:00:00,1025,1.0,No Info,14231
Jet Airways,2019-06-24,Delhi,Cochin,17:30:00,12:35:00,1145,1.0,In-flight meal not included,10262
Vistara,2019-03-01,Chennai,Kolkata,07:05:00,09:20:00,135,0.0,No Info,9125
Jet Airways,2019-05-24,Kolkata,Banglore,06:30:00,04:40:00,1330,1.0,In-flight meal not included,8586
Indigo,2019-06-09,Chennai,Kolkata,07:55:00,10:15:00,140,0.0,No Info,3850
Multiple Carriers,2019-05-18,Delhi,Cochin,08:30:00,19:00:00,630,1.0,No Info,9205
Air India,2019-03-24,Banglore,New Delhi,06:55:00,13:20:00,385,1.0,No Info,7932
Jet Airways,2019-05-21,Kolkata,Banglore,10:20:00,17:35:00,435,1.0,In-flight meal not included,5608
Jet Airways,2019-06-06,Kolkata,Banglore,20:25:00,14:25:00,1080,1.0,In-flight meal not included,10539
Jet Airways,2019-05-09,Kolkata,Banglore,06:30:00,18:15:00,705,1.0,In-flight meal not included,10844
Indigo,2019-03-21,Banglore,New Delhi,07:30:00,12:20:00,290,1.0,No Info,5694
Spicejet,2019-06-06,Kolkata,Banglore,08:35:00,17:15:00,520,1.0,No Info,6643
Spicejet,2019-03-21,Chennai,Kolkata,09:30:00,12:05:00,155,0.0,No Info,3384
Vistara,2019-05-24,Chennai,Kolkata,07:05:00,09:20:00,135,0.0,No Info,3687
Jet Airways,2019-05-01,Kolkata,Banglore,21:10:00,09:20:00,730,1.0,In-flight meal not included,10844
Air India,2019-06-15,Delhi,Cochin,13:20:00,07:40:00,1100,2.0,No Info,12121
Jet Airways,2019-05-09,Kolkata,Banglore,21:10:00,08:15:00,665,1.0,No Info,14388
Spicejet,2019-05-09,Mumbai,Hyderabad,13:15:00,14:45:00,90,0.0,No check-in baggage included,2175
Jet Airways,2019-06-18,Mumbai,Hyderabad,19:35:00,21:05:00,90,0.0,In-flight meal not included,3210
Jet Airways,2019-05-09,Kolkata,Banglore,14:05:00,04:40:00,875,1.0,No Info,13941
Multiple Carriers,2019-05-09,Delhi,Cochin,13:00:00,19:15:00,375,1.0,No Info,14323
Vistara,2019-03-24,Banglore,New Delhi,19:40:00,22:20:00,160,0.0,No Info,4563
Multiple Carriers,2019-05-15,Delhi,Cochin,07:30:00,19:00:00,690,1.0,No Info,9315
Jet Airways,2019-03-27,Delhi,Cochin,17:35:00,19:45:00,1570,2.0,In-flight meal not included,8098
Spicejet,2019-05-12,Kolkata,Banglore,11:35:00,18:50:00,435,1.0,No Info,8479
Air India,2019-04-09,Kolkata,Banglore,19:00:00,11:05:00,965,1.0,No Info,4647
Air India,2019-04-01,Kolkata,Banglore,17:30:00,08:55:00,925,1.0,No Info,7893
Jet Airways,2019-06-12,Delhi,Cochin,19:30:00,12:35:00,1025,2.0,No Info,13014
Air India,2019-05-09,Delhi,Cochin,20:15:00,19:15:00,1380,2.0,No Info,13591
Indigo,2019-03-21,Delhi,Cochin,16:00:00,21:00:00,300,1.0,No Info,6232
Jet Airways,2019-05-09,Kolkata,Banglore,06:30:00,04:40:00,1330,1.0,In-flight meal not included,8586
Indigo,2019-05-01,Delhi,Cochin,07:30:00,21:00:00,810,1.0,No Info,8542
Jet Airways,2019-03-01,Banglore,New Delhi,14:05:00,19:10:00,305,1.0,No Info,36235
Indigo,2019-05-06,Delhi,Cochin,18:35:00,01:30:00,415,1.0,No Info,7191
Jet Airways,2019-06-09,Kolkata,Banglore,21:10:00,18:15:00,1265,1.0,No Info,14571
Indigo,2019-03-03,Banglore,New Delhi,16:55:00,19:45:00,170,0.0,No Info,8855
Air Asia,2019-03-09,Delhi,Cochin,20:10:00,07:10:00,660,1.0,No Info,8327
Jet Airways,2019-06-21,Banglore,Delhi,18:55:00,22:00:00,185,0.0,In-flight meal not included,7754
Air India,2019-03-27,Chennai,Kolkata,11:40:00,13:55:00,135,0.0,No Info,3145
Indigo,2019-05-27,Delhi,Cochin,21:50:00,03:35:00,345,1.0,No Info,6769
Air India,2019-05-09,Delhi,Cochin,16:55:00,19:15:00,1580,2.0,No Info,13591
Multiple Carriers,2019-06-24,Delhi,Cochin,06:00:00,19:00:00,780,1.0,No Info,12524
Spicejet,2019-03-24,Mumbai,Hyderabad,05:45:00,07:05:00,80,0.0,No check-in baggage included,2175
Indigo,2019-06-18,Delhi,Cochin,05:35:00,08:50:00,195,0.0,No Info,5000
Spicejet,2019-06-09,Kolkata,Banglore,17:10:00,19:40:00,150,0.0,No Info,4174
Jet Airways,2019-06-09,Mumbai,Hyderabad,02:55:00,04:20:00,85,0.0,In-flight meal not included,4050
Multiple Carriers,2019-06-01,Delhi,Cochin,08:30:00,19:15:00,645,1.0,No Info,8937
Jet Airways,2019-05-21,Kolkata,Banglore,20:25:00,18:00:00,1295,1.0,No Info,14151
Indigo,2019-06-24,Chennai,Kolkata,22:05:00,00:25:00,140,0.0,No Info,5277
Spicejet,2019-06-06,Delhi,Cochin,15:45:00,22:05:00,380,1.0,No Info,5583
Spicejet,2019-03-15,Chennai,Kolkata,17:45:00,20:05:00,140,0.0,No Info,6300
Jet Airways,2019-05-27,Delhi,Cochin,18:15:00,04:25:00,610,1.0,In-flight meal not included,12898
Spicejet,2019-03-15,Mumbai,Hyderabad,22:45:00,00:10:00,85,0.0,No check-in baggage included,2647
Jet Airways,2019-06-01,Delhi,Cochin,14:00:00,04:25:00,865,1.0,No Info,14714
Air India,2019-04-12,Kolkata,Banglore,20:45:00,23:20:00,155,0.0,No Info,4460
Jet Airways,2019-03-06,Delhi,Cochin,05:25:00,19:45:00,2300,2.0,No Info,16914
Jet Airways,2019-06-09,Delhi,Cochin,09:25:00,04:25:00,1140,2.0,No Info,13882
Air India,2019-05-21,Delhi,Cochin,20:40:00,09:25:00,765,1.0,No Info,7480
Jet Airways,2019-05-18,Kolkata,Banglore,20:00:00,18:15:00,1335,1.0,In-flight meal not included,10844
Jet Airways,2019-06-15,Delhi,Cochin,07:05:00,04:25:00,1280,1.0,In-flight meal not included,10262
Jet Airways,2019-06-12,Delhi,Cochin,14:35:00,12:35:00,1320,2.0,In-flight meal not included,10919
Air India,2019-05-21,Banglore,Delhi,10:00:00,12:45:00,165,0.0,No Info,6961
Jet Airways,2019-06-12,Kolkata,Banglore,16:30:00,10:05:00,1055,1.0,In-flight meal not included,8529
Jet Airways,2019-06-01,Delhi,Cochin,14:00:00,19:00:00,300,1.0,No Info,14714
Spicejet,2019-04-09,Banglore,Delhi,21:10:00,00:05:00,175,0.0,No check-in baggage included,3919
Air India,2019-06-06,Delhi,Cochin,12:00:00,19:15:00,435,2.0,No Info,8603
Jet Airways,2019-05-12,Banglore,Delhi,06:00:00,08:45:00,165,0.0,In-flight meal not included,5198
Goair,2019-06-12,Banglore,Delhi,07:45:00,10:40:00,175,0.0,No Info,3419
Indigo,2019-05-01,Delhi,Cochin,21:50:00,03:35:00,345,1.0,No Info,6349
Air India,2019-05-01,Kolkata,Banglore,19:00:00,04:40:00,580,1.0,No Info,6117
Multiple Carriers,2019-04-09,Delhi,Cochin,17:45:00,01:30:00,465,1.0,No Info,8535
Jet Airways,2019-03-18,Mumbai,Hyderabad,15:50:00,17:20:00,90,0.0,In-flight meal not included,2228
Air India,2019-03-24,Banglore,New Delhi,10:00:00,12:45:00,165,0.0,No Info,7276
Spicejet,2019-03-18,Mumbai,Hyderabad,13:10:00,14:30:00,80,0.0,No Info,2437
Air Asia,2019-05-18,Banglore,Delhi,11:10:00,13:55:00,165,0.0,No Info,4483
Indigo,2019-05-09,Kolkata,Banglore,17:35:00,22:15:00,280,1.0,No Info,5386
Indigo,2019-05-21,Kolkata,Banglore,16:35:00,22:15:00,340,1.0,No Info,5268
Air India,2019-03-06,Banglore,New Delhi,08:15:00,11:20:00,1625,2.0,No Info,13942
Indigo,2019-06-09,Mumbai,Hyderabad,19:05:00,20:35:00,90,0.0,No Info,2754
Spicejet,2019-04-15,Kolkata,Banglore,22:20:00,00:40:00,140,0.0,No check-in baggage included,3841
Multiple Carriers,2019-06-27,Delhi,Cochin,07:10:00,22:30:00,920,1.0,In-flight meal not included,6093
Indigo,2019-03-03,Banglore,New Delhi,18:25:00,21:20:00,175,0.0,No Info,7648
Air India,2019-03-12,Banglore,New Delhi,08:50:00,23:25:00,875,2.0,No Info,13250
Jet Airways,2019-05-06,Kolkata,Banglore,20:00:00,04:40:00,520,1.0,No Info,14388
Indigo,2019-03-27,Delhi,Cochin,07:35:00,16:10:00,515,1.0,No Info,6442
Indigo,2019-03-09,Kolkata,Banglore,22:10:00,00:55:00,165,0.0,No Info,4148
Air Asia,2019-05-09,Banglore,Delhi,04:55:00,07:45:00,170,0.0,No Info,4282
Indigo,2019-06-24,Delhi,Cochin,06:50:00,12:10:00,320,1.0,No Info,5298
Jet Airways,2019-05-15,Kolkata,Banglore,20:25:00,09:45:00,800,1.0,No Info,13067
Jet Airways,2019-05-24,Kolkata,Banglore,20:00:00,20:45:00,1485,1.0,In-flight meal not included,10844
Air India,2019-03-06,Banglore,New Delhi,06:45:00,12:15:00,330,1.0,No Info,13912
Indigo,2019-06-27,Delhi,Cochin,05:35:00,08:50:00,195,0.0,No Info,5000
Spicejet,2019-06-01,Mumbai,Hyderabad,13:15:00,14:45:00,90,0.0,No check-in baggage included,2175
Spicejet,2019-05-12,Chennai,Kolkata,09:45:00,12:00:00,135,0.0,No check-in baggage included,3543
Jet Airways,2019-06-09,Delhi,Cochin,19:45:00,19:00:00,1395,1.0,In-flight meal not included,10577
Multiple Carriers,2019-06-12,Delhi,Cochin,11:35:00,21:00:00,565,3.0,No Info,15629
Spicejet,2019-05-09,Kolkata,Banglore,08:35:00,17:15:00,520,1.0,No Info,6171
Multiple Carriers,2019-06-15,Delhi,Cochin,18:00:00,01:30:00,450,1.0,No Info,7408
Jet Airways,2019-06-12,Banglore,Delhi,19:50:00,22:50:00,180,0.0,In-flight meal not included,5769
Jet Airways,2019-06-09,Mumbai,Hyderabad,07:05:00,08:30:00,85,0.0,In-flight meal not included,4050
Vistara,2019-05-09,Chennai,Kolkata,07:05:00,09:20:00,135,0.0,No Info,3687
Indigo,2019-05-01,Chennai,Kolkata,19:35:00,21:55:00,140,0.0,No Info,3597
Jet Airways,2019-03-09,Banglore,New Delhi,19:55:00,22:35:00,160,0.0,No Info,7229
Vistara,2019-05-18,Banglore,Delhi,17:00:00,19:35:00,155,0.0,No Info,4878
Air India,2019-05-15,Delhi,Cochin,20:30:00,23:00:00,1590,1.0,No Info,8907
Jet Airways,2019-05-12,Kolkata,Banglore,21:10:00,04:40:00,450,1.0,No Info,13941
Jet Airways,2019-06-03,Delhi,Cochin,16:00:00,19:00:00,1620,1.0,In-flight meal not included,10262
Jet Airways,2019-06-21,Banglore,Delhi,19:50:00,22:50:00,180,0.0,In-flight meal not included,7754
Air Asia,2019-05-18,Banglore,Delhi,23:55:00,02:45:00,170,0.0,No Info,4483
Jet Airways,2019-05-09,Delhi,Cochin,21:25:00,12:35:00,910,2.0,In-flight meal not included,11507
Multiple Carriers,2019-03-21,Delhi,Cochin,04:45:00,18:50:00,845,1.0,No Info,11098
Indigo,2019-06-27,Delhi,Cochin,17:10:00,01:30:00,500,1.0,No Info,5684
Air Asia,2019-05-21,Banglore,Delhi,11:10:00,13:55:00,165,0.0,No Info,3383
Air India,2019-05-24,Kolkata,Banglore,12:00:00,18:30:00,1830,2.0,No Info,10151
Indigo,2019-03-27,Delhi,Cochin,06:40:00,21:20:00,880,2.0,No Info,6494
Vistara,2019-05-09,Kolkata,Banglore,17:00:00,23:25:00,385,1.0,No Info,8085
Multiple Carriers,2019-06-24,Delhi,Cochin,03:50:00,19:00:00,910,1.0,No Info,12192
Jet Airways,2019-03-01,Banglore,New Delhi,14:05:00,21:20:00,435,1.0,No Info,36235
Multiple Carriers,2019-05-27,Delhi,Cochin,11:30:00,21:00:00,570,1.0,In-flight meal not included,6943
Jet Airways,2019-05-15,Banglore,Delhi,08:20:00,11:20:00,180,0.0,In-flight meal not included,4030
Jet Airways,2019-06-09,Kolkata,Banglore,09:35:00,18:00:00,505,1.0,No Info,14676
Multiple Carriers,2019-06-12,Delhi,Cochin,08:45:00,19:15:00,630,1.0,No Info,8266
Air India,2019-03-06,Delhi,Cochin,20:30:00,08:15:00,705,1.0,No Info,10566
Jet Airways,2019-05-21,Delhi,Cochin,05:30:00,12:35:00,425,2.0,In-flight meal not included,15544
Indigo,2019-05-06,Kolkata,Banglore,04:40:00,07:15:00,155,0.0,No Info,4804
Jet Airways,2019-05-18,Kolkata,Banglore,14:05:00,10:05:00,1200,1.0,No Info,14388
Multiple Carriers,2019-05-21,Delhi,Cochin,08:45:00,19:15:00,630,1.0,No Info,8266
Jet Airways,2019-05-24,Kolkata,Banglore,20:25:00,09:45:00,800,1.0,No Info,13067
Jet Airways,2019-03-03,Delhi,Cochin,18:20:00,04:25:00,2045,2.0,No Info,20747
Indigo,2019-05-24,Banglore,Delhi,01:30:00,04:15:00,165,0.0,No Info,3419
Air India,2019-06-09,Delhi,Cochin,09:45:00,23:00:00,795,1.0,No Info,8907
Air India,2019-04-06,Banglore,Delhi,13:20:00,16:10:00,170,0.0,No Info,5176
Multiple Carriers,2019-05-27,Delhi,Cochin,17:30:00,01:30:00,480,1.0,In-flight meal not included,7308
Jet Airways,2019-05-18,Delhi,Cochin,07:05:00,12:35:00,330,1.0,In-flight meal not included,12373
Jet Airways,2019-06-15,Delhi,Cochin,05:30:00,04:25:00,1375,2.0,In-flight meal not included,10368
Jet Airways,2019-06-01,Delhi,Cochin,11:30:00,12:35:00,1505,1.0,In-flight meal not included,10262
Jet Airways,2019-05-24,Kolkata,Banglore,21:10:00,04:40:00,450,1.0,In-flight meal not included,9663
Indigo,2019-04-06,Delhi,Cochin,16:00:00,21:00:00,300,1.0,No Info,5073
Indigo,2019-04-21,Kolkata,Banglore,04:40:00,07:15:00,155,0.0,No Info,4804
Air India,2019-04-03,Kolkata,Banglore,19:00:00,11:05:00,965,1.0,No Info,4227
Indigo,2019-05-12,Mumbai,Hyderabad,16:55:00,18:25:00,90,0.0,No Info,3603
Air India,2019-03-01,Banglore,New Delhi,10:30:00,11:20:00,1490,1.0,No Info,11528
Air Asia,2019-03-03,Banglore,New Delhi,05:50:00,08:40:00,170,0.0,No Info,7074
Indigo,2019-05-21,Delhi,Cochin,17:30:00,01:30:00,480,1.0,No Info,6794
Air India,2019-03-15,Banglore,New Delhi,09:30:00,16:20:00,410,1.0,No Info,8714
Air India,2019-03-01,Banglore,New Delhi,11:50:00,08:55:00,1265,1.0,1 Long layover,14594
Jet Airways,2019-05-12,Kolkata,Banglore,06:30:00,09:20:00,1610,1.0,In-flight meal not included,9663
Jet Airways,2019-03-24,Kolkata,Banglore,19:45:00,16:20:00,1235,1.0,In-flight meal not included,10031
Indigo,2019-03-03,Delhi,Cochin,02:35:00,08:30:00,355,1.0,No Info,13790
Indigo,2019-06-27,Delhi,Cochin,07:35:00,16:10:00,515,1.0,No Info,6442
Indigo,2019-06-06,Chennai,Kolkata,13:15:00,15:35:00,140,0.0,No Info,3597
Spicejet,2019-06-15,Mumbai,Hyderabad,13:15:00,14:45:00,90,0.0,No check-in baggage included,1965
Jet Airways,2019-06-12,Kolkata,Banglore,16:30:00,23:35:00,425,1.0,No Info,13626
Air India,2019-06-09,Kolkata,Banglore,09:50:00,21:05:00,675,1.0,No Info,7662
Multiple Carriers,2019-06-27,Delhi,Cochin,09:15:00,19:00:00,585,1.0,No Info,11622
Jet Airways,2019-06-06,Kolkata,Banglore,20:00:00,12:00:00,960,1.0,In-flight meal not included,10844
Multiple Carriers,2019-06-12,Delhi,Cochin,18:15:00,01:30:00,435,1.0,No Info,13377
Air India,2019-05-24,Kolkata,Banglore,16:50:00,13:45:00,1255,2.0,No Info,12802
Air India,2019-03-09,Delhi,Cochin,07:00:00,19:15:00,735,1.0,No Info,15704
Multiple Carriers,2019-06-12,Delhi,Cochin,11:25:00,19:00:00,455,1.0,No Info,10877
Indigo,2019-03-06,Delhi,Cochin,16:10:00,22:20:00,370,1.0,No Info,7205
Spicejet,2019-05-18,Kolkata,Banglore,11:35:00,18:50:00,435,1.0,No Info,8479
Jet Airways,2019-05-24,Kolkata,Banglore,16:30:00,22:35:00,365,1.0,No Info,14571
Jet Airways,2019-06-09,Kolkata,Banglore,17:00:00,18:00:00,1500,1.0,No Info,14151
Multiple Carriers,2019-05-27,Delhi,Cochin,06:00:00,19:15:00,795,1.0,No Info,10786
Jet Airways,2019-06-12,Banglore,Delhi,07:10:00,10:10:00,180,0.0,In-flight meal not included,5769
Spicejet,2019-05-21,Mumbai,Hyderabad,13:15:00,14:45:00,90,0.0,No check-in baggage included,1965
Jet Airways,2019-05-15,Kolkata,Banglore,17:00:00,23:35:00,395,1.0,No Info,14151
Jet Airways,2019-06-06,Delhi,Cochin,14:35:00,04:25:00,830,2.0,No Info,13376
Jet Airways,2019-05-01,Kolkata,Banglore,16:30:00,22:35:00,365,1.0,In-flight meal not included,10844
Multiple Carriers,2019-06-01,Delhi,Cochin,08:45:00,19:15:00,630,1.0,No Info,10261
Vistara,2019-04-01,Kolkata,Banglore,17:00:00,10:45:00,1065,1.0,No Info,9187
Jet Airways,2019-04-09,Delhi,Cochin,09:40:00,04:25:00,1125,2.0,No Info,10909
Air India,2019-05-09,Kolkata,Banglore,07:00:00,01:20:00,1100,2.0,No Info,13033
Jet Airways,2019-06-24,Delhi,Cochin,14:00:00,12:35:00,1355,1.0,In-flight meal not included,10262
Spicejet,2019-03-06,Delhi,Cochin,08:45:00,13:15:00,270,1.0,No Info,8488
Air Asia,2019-05-21,Kolkata,Banglore,07:35:00,23:30:00,955,1.0,No Info,5192
Jet Airways,2019-06-03,Delhi,Cochin,20:55:00,04:25:00,450,1.0,No Info,14714
Indigo,2019-03-21,Delhi,Cochin,07:20:00,12:30:00,310,1.0,No Info,6388
Jet Airways,2019-05-21,Delhi,Cochin,05:30:00,04:25:00,1375,2.0,No Info,15129
Jet Airways,2019-05-12,Kolkata,Banglore,20:25:00,21:05:00,1480,1.0,In-flight meal not included,10703
Vistara,2019-06-06,Banglore,Delhi,09:45:00,12:35:00,170,0.0,No Info,4668
Jet Airways,2019-06-12,Delhi,Cochin,14:00:00,19:00:00,300,1.0,In-flight meal not included,10262
Air India,2019-06-06,Delhi,Cochin,09:45:00,23:00:00,795,1.0,No Info,8907
Indigo,2019-05-21,Delhi,Cochin,16:10:00,00:55:00,525,1.0,No Info,6778
Multiple Carriers,2019-06-15,Delhi,Cochin,15:05:00,01:30:00,625,2.0,No Info,15965
Air India,2019-06-06,Kolkata,Banglore,09:25:00,21:50:00,745,1.0,No Info,8366
Jet Airways,2019-04-24,Banglore,Delhi,18:55:00,22:00:00,185,0.0,In-flight meal not included,4544
Multiple Carriers,2019-03-03,Delhi,Cochin,09:45:00,22:20:00,755,1.0,No Info,13838
Indigo,2019-04-01,Kolkata,Banglore,19:35:00,23:15:00,220,1.0,No Info,4226
Air India,2019-04-15,Banglore,Delhi,17:00:00,19:45:00,165,0.0,No Info,6121
Air India,2019-06-06,Kolkata,Banglore,05:50:00,23:15:00,1045,2.0,No Info,12723
Indigo,2019-06-24,Delhi,Cochin,23:30:00,04:35:00,305,1.0,No Info,9165
Spicejet,2019-06-18,Kolkata,Banglore,06:55:00,09:30:00,155,0.0,No Info,3873
Indigo,2019-05-01,Banglore,Delhi,08:30:00,11:20:00,170,0.0,No Info,4823
Air India,2019-06-24,Kolkata,Banglore,14:15:00,16:45:00,150,0.0,No Info,5510
Vistara,2019-05-24,Kolkata,Banglore,07:10:00,22:40:00,930,1.0,No Info,9397
Jet Airways,2019-05-12,Kolkata,Banglore,21:10:00,12:00:00,890,1.0,In-flight meal not included,9663
Goair,2019-06-15,Delhi,Cochin,07:25:00,13:35:00,370,1.0,No Info,5842
Multiple Carriers,2019-05-09,Delhi,Cochin,13:00:00,01:30:00,750,1.0,No Info,9424
Indigo,2019-05-27,Delhi,Cochin,06:40:00,21:00:00,860,1.0,No Info,6526
Jet Airways,2019-06-15,Delhi,Cochin,09:00:00,19:00:00,600,1.0,In-flight meal not included,10262
Multiple Carriers,2019-06-15,Delhi,Cochin,16:00:00,01:30:00,570,1.0,In-flight meal not included,10196
Jet Airways,2019-05-15,Kolkata,Banglore,17:00:00,14:25:00,1285,1.0,In-flight meal not included,9314
Jet Airways,2019-06-24,Delhi,Cochin,06:45:00,04:25:00,1300,2.0,No Info,13376
Air India,2019-03-21,Mumbai,Hyderabad,19:30:00,20:45:00,75,0.0,No Info,2575
Jet Airways,2019-06-12,Banglore,Delhi,15:15:00,18:10:00,175,0.0,No Info,8016
Jet Airways,2019-06-06,Kolkata,Banglore,08:25:00,19:50:00,685,1.0,No Info,14571
Air India,2019-06-06,Kolkata,Banglore,14:30:00,08:55:00,1105,2.0,No Info,15894
Jet Airways,2019-06-27,Delhi,Cochin,11:40:00,19:00:00,440,2.0,No Info,18804
Multiple Carriers,2019-06-06,Delhi,Cochin,12:50:00,21:00:00,490,1.0,No Info,7005
Indigo,2019-03-18,Kolkata,Banglore,17:15:00,19:55:00,160,0.0,No Info,4462
Indigo,2019-05-21,Kolkata,Banglore,21:25:00,00:05:00,160,0.0,No Info,4804
Air Asia,2019-04-15,Kolkata,Banglore,19:55:00,22:25:00,150,0.0,No Info,4409
Indigo,2019-03-03,Mumbai,Hyderabad,12:00:00,13:25:00,85,0.0,No Info,5755
Air India,2019-03-09,Chennai,Kolkata,11:40:00,13:55:00,135,0.0,No Info,7817
Spicejet,2019-06-06,Delhi,Cochin,08:45:00,13:15:00,270,1.0,No Info,5264
Spicejet,2019-06-15,Mumbai,Hyderabad,05:45:00,07:15:00,90,0.0,No check-in baggage included,2647
Jet Airways,2019-05-01,Kolkata,Banglore,08:25:00,19:50:00,685,1.0,No Info,14781
Jet Airways,2019-03-09,Delhi,Cochin,11:00:00,14:15:00,195,0.0,In-flight meal not included,7202
Jet Airways,2019-06-21,Banglore,Delhi,15:15:00,18:10:00,175,0.0,No Info,8016
Jet Airways,2019-06-27,Delhi,Cochin,11:45:00,12:35:00,1490,2.0,No Info,13882
Air India,2019-03-03,Banglore,New Delhi,05:50:00,12:55:00,425,1.0,No Info,12389
Jet Airways,2019-05-09,Kolkata,Banglore,08:25:00,18:15:00,590,1.0,In-flight meal not included,10844
Spicejet,2019-05-21,Mumbai,Hyderabad,22:45:00,00:15:00,90,0.0,No check-in baggage included,1965
Indigo,2019-04-15,Banglore,Delhi,18:25:00,21:20:00,175,0.0,No Info,4823
Multiple Carriers,2019-03-21,Delhi,Cochin,07:00:00,18:50:00,710,1.0,No Info,12402
Air India,2019-03-09,Delhi,Cochin,05:15:00,19:15:00,2280,3.0,No Info,15586
Jet Airways,2019-03-06,Delhi,Cochin,09:00:00,04:25:00,1165,1.0,In-flight meal not included,13843
Jet Airways,2019-05-21,Delhi,Cochin,11:30:00,04:25:00,1015,1.0,In-flight meal not included,12898
Jet Airways,2019-05-27,Delhi,Cochin,20:55:00,04:25:00,450,1.0,In-flight meal not included,12898
Jet Airways,2019-05-18,Kolkata,Banglore,20:00:00,16:20:00,1220,1.0,In-flight meal not included,10844
Jet Airways,2019-05-06,Kolkata,Banglore,16:30:00,23:35:00,425,1.0,In-flight meal not included,11841
Air India,2019-05-21,Delhi,Cochin,05:55:00,07:40:00,1545,2.0,No Info,11911
Air India,2019-03-15,Banglore,New Delhi,08:50:00,23:15:00,865,1.0,No Info,8714
Air India,2019-05-09,Kolkata,Banglore,10:00:00,05:25:00,1165,2.0,No Info,14424
Spicejet,2019-05-18,Banglore,Delhi,09:30:00,12:20:00,170,0.0,No Info,4423
Air India,2019-05-18,Delhi,Cochin,12:00:00,07:40:00,1180,2.0,No Info,8603
Air India,2019-06-01,Banglore,Delhi,17:00:00,19:45:00,165,0.0,No Info,7171
Air India,2019-04-09,Delhi,Cochin,17:15:00,07:40:00,865,2.0,No Info,8052
Jet Airways,2019-03-18,Banglore,New Delhi,05:45:00,15:15:00,570,1.0,No Info,12284
Jet Airways,2019-03-24,Kolkata,Banglore,16:55:00,18:10:00,1515,1.0,No Info,14231
Jet Airways,2019-06-03,Banglore,Delhi,15:15:00,18:10:00,175,0.0,No Info,8016
Air India,2019-03-01,Banglore,New Delhi,17:00:00,19:45:00,165,0.0,No Info,25913
Goair,2019-06-24,Banglore,Delhi,07:45:00,10:40:00,175,0.0,No Info,3898
Air Asia,2019-03-21,Delhi,Cochin,16:45:00,22:15:00,330,1.0,No Info,6151
Indigo,2019-04-21,Kolkata,Banglore,20:20:00,22:55:00,155,0.0,No Info,4804
Air Asia,2019-05-03,Banglore,Delhi,11:10:00,13:55:00,165,0.0,No Info,4483
Air India,2019-05-01,Banglore,Delhi,13:20:00,16:10:00,170,0.0,No Info,6121
Air India,2019-06-18,Delhi,Cochin,18:05:00,21:10:00,185,0.0,No Info,5201
Indigo,2019-06-01,Banglore,Delhi,20:00:00,22:50:00,170,0.0,No Info,4823
Air India,2019-03-06,Delhi,Cochin,20:40:00,09:25:00,765,1.0,No Info,12677
Jet Airways,2019-03-12,Banglore,New Delhi,18:55:00,13:15:00,1100,1.0,No Info,13817
Multiple Carriers,2019-06-06,Delhi,Cochin,10:00:00,21:00:00,660,1.0,No Info,7933
Multiple Carriers,2019-03-03,Delhi,Cochin,02:15:00,11:30:00,555,1.0,No Info,17057
Jet Airways,2019-06-06,Kolkata,Banglore,16:30:00,22:35:00,365,1.0,In-flight meal not included,10844
Multiple Carriers,2019-06-12,Delhi,Cochin,15:15:00,01:30:00,615,1.0,No Info,6795
Spicejet,2019-05-03,Kolkata,Banglore,06:55:00,09:30:00,155,0.0,No Info,3873
Multiple Carriers,2019-06-03,Delhi,Cochin,10:20:00,19:00:00,520,1.0,No Info,11789
Jet Airways,2019-06-03,Delhi,Cochin,14:00:00,04:25:00,865,1.0,In-flight meal not included,10262
Air India,2019-03-15,Banglore,New Delhi,05:50:00,12:05:00,1815,2.0,No Info,7664
Jet Airways,2019-05-27,Delhi,Cochin,09:00:00,19:00:00,600,1.0,In-flight meal not included,10675
Indigo,2019-05-12,Kolkata,Banglore,17:15:00,19:50:00,155,0.0,No Info,4804
Multiple Carriers,2019-03-03,Delhi,Cochin,12:50:00,01:35:00,765,1.0,No Info,18192
Multiple Carriers,2019-03-03,Delhi,Cochin,15:25:00,01:35:00,610,1.0,No Info,15147
Indigo,2019-06-01,Chennai,Kolkata,15:40:00,18:25:00,165,0.0,No Info,3540
Jet Airways,2019-03-27,Mumbai,Hyderabad,07:10:00,08:35:00,85,0.0,In-flight meal not included,3205
Air India,2019-05-15,Kolkata,Banglore,09:10:00,04:40:00,1170,2.0,No Info,6117
Spicejet,2019-06-21,Mumbai,Hyderabad,13:15:00,14:45:00,90,0.0,No check-in baggage included,1965
Jet Airways,2019-06-15,Delhi,Cochin,11:00:00,14:15:00,195,0.0,In-flight meal not included,7202
Indigo,2019-03-18,Kolkata,Banglore,10:10:00,12:55:00,165,0.0,No Info,4462
Jet Airways,2019-03-09,Banglore,New Delhi,18:40:00,00:45:00,365,1.0,No Info,22270
Jet Airways,2019-06-09,Kolkata,Banglore,20:00:00,18:15:00,1335,1.0,No Info,14571
Indigo,2019-06-18,Banglore,Delhi,00:25:00,03:15:00,170,0.0,No Info,3419
Indigo,2019-05-09,Delhi,Cochin,09:15:00,01:30:00,975,1.0,No Info,8854
Jet Airways,2019-06-24,Delhi,Cochin,18:15:00,19:00:00,1485,1.0,In-flight meal not included,10262
Indigo,2019-05-09,Delhi,Cochin,06:50:00,12:10:00,320,1.0,No Info,5298
Air India,2019-06-01,Mumbai,Hyderabad,13:55:00,15:25:00,90,0.0,No Info,3625
Spicejet,2019-06-21,Mumbai,Hyderabad,05:45:00,07:15:00,90,0.0,No check-in baggage included,2647
Jet Airways,2019-05-18,Delhi,Cochin,22:50:00,04:25:00,335,1.0,In-flight meal not included,12373
Jet Airways,2019-06-24,Delhi,Cochin,05:30:00,19:00:00,810,2.0,No Info,13292
Indigo,2019-04-06,Banglore,Delhi,04:00:00,06:50:00,170,0.0,No Info,4423
Indigo,2019-04-27,Delhi,Cochin,16:00:00,21:00:00,300,1.0,No Info,6937
Indigo,2019-06-27,Chennai,Kolkata,13:15:00,15:35:00,140,0.0,No Info,3597
Indigo,2019-04-09,Banglore,Delhi,20:00:00,22:50:00,170,0.0,No Info,4823
Multiple Carriers,2019-06-09,Delhi,Cochin,11:40:00,21:00:00,560,1.0,No Info,7005
Air India,2019-03-03,Chennai,Kolkata,11:40:00,13:55:00,135,0.0,No Info,10810
Spicejet,2019-03-24,Mumbai,Hyderabad,22:45:00,00:10:00,85,0.0,No check-in baggage included,2175
Jet Airways,2019-03-24,Kolkata,Banglore,19:45:00,23:25:00,1660,1.0,No Info,13759
Jet Airways,2019-05-15,Kolkata,Banglore,16:30:00,22:35:00,365,1.0,No Info,14781
Indigo,2019-03-03,Banglore,New Delhi,08:30:00,11:30:00,180,0.0,No Info,6860
Air India,2019-05-21,Delhi,Cochin,12:00:00,07:40:00,1180,2.0,No Info,9653
Jet Airways,2019-03-21,Delhi,Cochin,19:10:00,04:25:00,1995,2.0,No Info,10929
Multiple Carriers,2019-06-03,Delhi,Cochin,12:50:00,21:00:00,490,1.0,No Info,7740
Indigo,2019-06-06,Banglore,Delhi,01:30:00,04:15:00,165,0.0,No Info,3943
Indigo,2019-05-18,Mumbai,Hyderabad,19:05:00,20:35:00,90,0.0,No Info,2754
Indigo,2019-04-18,Kolkata,Banglore,15:30:00,18:05:00,155,0.0,No Info,4174
Spicejet,2019-05-15,Chennai,Kolkata,17:45:00,20:05:00,140,0.0,No check-in baggage included,3543
Jet Airways,2019-05-24,Mumbai,Hyderabad,07:05:00,08:30:00,85,0.0,No Info,8040
Indigo,2019-03-21,Delhi,Cochin,07:35:00,22:20:00,885,1.0,No Info,6558
Air India,2019-04-06,Banglore,Delhi,06:10:00,08:55:00,165,0.0,No Info,5176
Air India,2019-03-24,Banglore,New Delhi,17:00:00,19:45:00,165,0.0,No Info,5176
Jet Airways,2019-03-15,Banglore,New Delhi,08:00:00,16:10:00,490,1.0,In-flight meal not included,9134
Vistara,2019-04-06,Banglore,Delhi,17:00:00,19:35:00,155,0.0,No Info,5613
Air India,2019-03-06,Delhi,Cochin,07:05:00,19:15:00,2170,2.0,No Info,11552
Jet Airways,2019-03-21,Banglore,New Delhi,14:05:00,19:10:00,305,1.0,In-flight meal not included,7832
Air India,2019-04-01,Banglore,Delhi,21:05:00,23:55:00,170,0.0,No Info,4441
Spicejet,2019-06-06,Kolkata,Banglore,09:00:00,11:25:00,145,0.0,No Info,3873
Jet Airways,2019-03-24,Kolkata,Banglore,06:30:00,04:45:00,1335,1.0,No Info,13759
Jet Airways,2019-06-09,Kolkata,Banglore,06:30:00,19:50:00,800,1.0,In-flight meal not included,10844
Air India,2019-04-01,Delhi,Cochin,17:20:00,09:25:00,965,1.0,No Info,5117
Jet Airways,2019-05-21,Kolkata,Banglore,06:30:00,12:00:00,330,1.0,No Info,14388
Multiple Carriers,2019-06-09,Delhi,Cochin,11:40:00,01:30:00,830,1.0,No Info,6795
Spicejet,2019-03-09,Kolkata,Banglore,22:20:00,00:40:00,140,0.0,No Info,4622
Jet Airways,2019-06-24,Delhi,Cochin,11:00:00,14:15:00,195,0.0,In-flight meal not included,4256
Indigo,2019-05-18,Delhi,Cochin,16:00:00,21:00:00,300,1.0,No Info,6069
Air India,2019-05-15,Delhi,Cochin,22:00:00,19:15:00,1275,2.0,No Info,11281
Jet Airways,2019-03-01,Banglore,New Delhi,05:45:00,10:45:00,300,1.0,No Info,52229
Jet Airways,2019-05-09,Kolkata,Banglore,10:20:00,17:35:00,435,1.0,In-flight meal not included,5608
Jet Airways,2019-05-09,Kolkata,Banglore,08:25:00,20:45:00,740,1.0,No Info,14781
Multiple Carriers,2019-06-12,Delhi,Cochin,06:00:00,19:00:00,780,1.0,No Info,11789
Air India,2019-03-21,Banglore,New Delhi,11:50:00,13:00:00,1510,1.0,No Info,5092
Multiple Carriers,2019-06-24,Delhi,Cochin,08:30:00,19:15:00,645,1.0,No Info,7354
Indigo,2019-03-09,Kolkata,Banglore,15:10:00,17:45:00,155,0.0,No Info,4462
Air India,2019-03-27,Delhi,Cochin,20:30:00,23:00:00,1590,1.0,No Info,5022
Jet Airways,2019-03-06,Banglore,New Delhi,07:00:00,19:10:00,730,1.0,No Info,16736
Spicejet,2019-03-24,Mumbai,Hyderabad,22:45:00,00:10:00,85,0.0,No Info,2227
Air India,2019-06-12,Kolkata,Banglore,16:50:00,13:45:00,1255,2.0,No Info,11542
Air India,2019-06-03,Delhi,Cochin,19:45:00,19:15:00,1410,2.0,No Info,10441
Jet Airways,2019-05-09,Delhi,Cochin,11:00:00,14:15:00,195,0.0,No Info,9564
Indigo,2019-04-03,Banglore,Delhi,18:25:00,21:20:00,175,0.0,No Info,4823
Indigo,2019-06-12,Kolkata,Banglore,19:20:00,23:45:00,265,1.0,No Info,3574
Jet Airways,2019-06-09,Delhi,Cochin,21:25:00,12:35:00,910,2.0,No Info,13292
Air India,2019-04-03,Delhi,Cochin,20:30:00,23:00:00,1590,1.0,No Info,5022
Spicejet,2019-06-09,Delhi,Cochin,17:55:00,22:50:00,295,1.0,No Info,5409
Jet Airways,2019-06-03,Delhi,Cochin,11:30:00,12:35:00,1505,1.0,In-flight meal not included,10262
Spicejet,2019-04-06,Kolkata,Banglore,22:20:00,00:40:00,140,0.0,No check-in baggage included,3841
Jet Airways,2019-04-06,Delhi,Cochin,07:05:00,19:00:00,715,1.0,In-flight meal not included,5406
Vistara,2019-03-06,Mumbai,Hyderabad,08:45:00,09:25:00,1480,1.0,No Info,12395
Multiple Carriers,2019-05-15,Delhi,Cochin,11:30:00,21:00:00,570,1.0,No Info,13727
Spicejet,2019-03-27,Kolkata,Banglore,17:15:00,19:45:00,150,0.0,No Info,3847
Air India,2019-06-03,Delhi,Cochin,18:05:00,21:10:00,185,0.0,No Info,6934
Indigo,2019-05-24,Kolkata,Banglore,08:10:00,13:00:00,290,1.0,No Info,5069
Air Asia,2019-06-03,Banglore,Delhi,04:55:00,07:45:00,170,0.0,No Info,4282
Air India,2019-04-18,Banglore,Delhi,17:00:00,19:45:00,165,0.0,No Info,6121
Indigo,2019-06-12,Kolkata,Banglore,20:20:00,22:55:00,155,0.0,No Info,4804
Indigo,2019-05-27,Banglore,Delhi,20:00:00,22:50:00,170,0.0,No Info,4823
Jet Airways,2019-05-12,Kolkata,Banglore,17:00:00,22:05:00,1745,1.0,No Info,13067
Air India,2019-05-15,Banglore,Delhi,06:10:00,08:55:00,165,0.0,No Info,6961
Multiple Carriers,2019-06-01,Delhi,Cochin,14:00:00,01:30:00,690,1.0,No Info,13377
Multiple Carriers,2019-05-18,Delhi,Cochin,11:40:00,19:00:00,440,1.0,No Info,10529
Air India,2019-03-01,Banglore,New Delhi,05:50:00,08:50:00,1620,3.0,No Info,13081
Jet Airways,2019-03-21,Delhi,Cochin,10:20:00,18:50:00,1950,2.0,No Info,11664
Jet Airways,2019-05-15,Kolkata,Banglore,09:35:00,14:25:00,1730,1.0,No Info,11467
Jet Airways,2019-05-15,Kolkata,Banglore,08:25:00,19:50:00,685,1.0,No Info,14781
Jet Airways,2019-03-03,Banglore,New Delhi,11:40:00,00:45:00,785,1.0,In-flight meal not included,13502
Indigo,2019-06-12,Kolkata,Banglore,09:35:00,12:20:00,165,0.0,No Info,4804
Vistara,2019-04-06,Banglore,Delhi,07:00:00,09:40:00,160,0.0,No Info,5613
Multiple Carriers,2019-03-03,Delhi,Cochin,18:15:00,01:35:00,440,1.0,No Info,18916
Multiple Carriers,2019-03-21,Delhi,Cochin,16:00:00,01:35:00,575,1.0,No Info,13542
Indigo,2019-06-21,Banglore,Delhi,06:05:00,08:50:00,165,0.0,No Info,3943
Air India,2019-05-24,Kolkata,Banglore,09:50:00,08:55:00,1385,2.0,No Info,15170
Indigo,2019-06-12,Delhi,Cochin,16:00:00,01:30:00,570,1.0,No Info,6316
Multiple Carriers,2019-03-21,Delhi,Cochin,14:00:00,21:00:00,420,1.0,No Info,13062
Indigo,2019-06-24,Mumbai,Hyderabad,21:20:00,22:50:00,90,0.0,No Info,2227
Vistara,2019-05-24,Kolkata,Banglore,20:20:00,20:20:00,1440,1.0,No Info,9345
Air India,2019-05-15,Kolkata,Banglore,14:15:00,16:45:00,150,0.0,No Info,5510
Jet Airways,2019-03-21,Delhi,Cochin,22:00:00,04:25:00,385,1.0,No Info,12242
Jet Airways,2019-06-15,Mumbai,Hyderabad,19:35:00,21:05:00,90,0.0,No Info,5678
Indigo,2019-05-15,Kolkata,Banglore,17:35:00,22:15:00,280,1.0,No Info,5386
Jet Airways,2019-04-15,Banglore,Delhi,15:15:00,18:10:00,175,0.0,In-flight meal not included,4544
Vistara,2019-06-09,Kolkata,Banglore,07:10:00,22:55:00,945,1.0,No Info,8662
Multiple Carriers,2019-06-27,Delhi,Cochin,17:30:00,01:30:00,480,1.0,No Info,13377
Air India,2019-03-21,Delhi,Cochin,05:10:00,08:00:00,170,0.0,No Info,5674
Spicejet,2019-05-24,Chennai,Kolkata,08:20:00,10:35:00,135,0.0,No Info,3597
Jet Airways,2019-05-27,Delhi,Cochin,09:40:00,12:35:00,1615,2.0,In-flight meal not included,13029
Jet Airways,2019-06-09,Kolkata,Banglore,20:00:00,08:15:00,735,1.0,No Info,14939
Air India,2019-03-01,Banglore,New Delhi,08:50:00,23:55:00,2345,2.0,No Info,17135
Vistara,2019-06-12,Delhi,Cochin,14:40:00,17:50:00,190,0.0,No Info,6216
Indigo,2019-06-15,Delhi,Cochin,17:30:00,01:30:00,480,1.0,No Info,5883
Air Asia,2019-05-21,Delhi,Cochin,07:55:00,22:30:00,875,1.0,No Info,6152
Indigo,2019-04-01,Banglore,Delhi,00:30:00,03:25:00,175,0.0,No Info,4423
Spicejet,2019-04-01,Kolkata,Banglore,09:00:00,11:25:00,145,0.0,No check-in baggage included,3841
Spicejet,2019-05-01,Kolkata,Banglore,17:10:00,19:40:00,150,0.0,No Info,4174
Jet Airways,2019-03-24,Kolkata,Banglore,19:45:00,20:40:00,1495,1.0,In-flight meal not included,10031
Indigo,2019-03-21,Delhi,Cochin,02:00:00,07:45:00,345,1.0,No Info,6426
Jet Airways,2019-06-09,Mumbai,Hyderabad,19:35:00,21:05:00,90,0.0,In-flight meal not included,3210
Jet Airways,2019-03-21,Delhi,Cochin,18:25:00,18:50:00,1465,2.0,No Info,12347
Multiple Carriers,2019-03-06,Delhi,Cochin,09:00:00,21:00:00,720,1.0,In-flight meal not included,15136
Jet Airways,2019-05-21,Kolkata,Banglore,17:00:00,21:05:00,1685,1.0,No Info,14151
Vistara,2019-05-06,Banglore,Delhi,21:00:00,23:50:00,170,0.0,No Info,4668
Air India,2019-03-09,Delhi,Cochin,10:55:00,19:15:00,1940,2.0,No Info,17476
Jet Airways,2019-04-01,Kolkata,Banglore,16:30:00,18:15:00,1545,1.0,In-flight meal not included,7064
Jet Airways,2019-06-01,Delhi,Cochin,18:25:00,04:25:00,600,2.0,No Info,14237
Vistara,2019-04-18,Banglore,Delhi,21:00:00,23:50:00,170,0.0,No Info,5613
Jet Airways,2019-05-27,Delhi,Cochin,05:30:00,12:35:00,425,2.0,No Info,16274
Air India,2019-03-06,Delhi,Cochin,17:20:00,09:25:00,965,1.0,No Info,12677
Jet Airways,2019-05-27,Delhi,Cochin,13:25:00,04:25:00,900,2.0,No Info,16704
Indigo,2019-06-12,Kolkata,Banglore,09:20:00,14:15:00,295,1.0,No Info,11160
Vistara,2019-05-15,Kolkata,Banglore,20:20:00,09:05:00,765,1.0,No Info,8452
Indigo,2019-06-03,Delhi,Cochin,10:35:00,01:30:00,895,1.0,No Info,5883
Air Asia,2019-05-15,Delhi,Cochin,20:45:00,07:10:00,625,1.0,No Info,6853
Air India,2019-03-15,Banglore,New Delhi,06:55:00,23:20:00,985,1.0,No Info,6987
Jet Airways,2019-03-24,Kolkata,Banglore,19:45:00,04:45:00,540,1.0,In-flight meal not included,10031
Jet Airways,2019-06-15,Delhi,Cochin,14:00:00,19:00:00,300,1.0,In-flight meal not included,10262
Jet Airways,2019-06-06,Kolkata,Banglore,20:25:00,18:00:00,1295,1.0,In-flight meal not included,10539
Multiple Carriers,2019-03-03,Delhi,Cochin,11:35:00,21:00:00,565,3.0,No Info,21829
Jet Airways,2019-06-09,Delhi,Cochin,14:00:00,19:00:00,300,1.0,No Info,14714
Jet Airways,2019-06-27,Delhi,Cochin,05:30:00,19:00:00,810,2.0,No Info,13292
Jet Airways,2019-06-09,Delhi,Cochin,15:00:00,12:35:00,1295,1.0,In-flight meal not included,10262
Air India,2019-05-06,Kolkata,Banglore,16:45:00,12:00:00,1155,2.0,No Info,14120
Jet Airways,2019-06-09,Kolkata,Banglore,21:10:00,08:15:00,665,1.0,No Info,14939
Jet Airways,2019-03-21,Banglore,New Delhi,11:40:00,23:00:00,680,1.0,In-flight meal not included,6992
Multiple Carriers,2019-06-27,Delhi,Cochin,18:15:00,01:30:00,435,1.0,No Info,13377
Multiple Carriers,2019-06-27,Delhi,Cochin,07:30:00,19:00:00,690,1.0,No Info,10877
Air India,2019-05-06,Mumbai,Hyderabad,19:30:00,20:45:00,75,0.0,No Info,3100
Spicejet,2019-06-06,Chennai,Kolkata,17:45:00,20:05:00,140,0.0,No check-in baggage included,3543
Jet Airways,2019-05-21,Kolkata,Banglore,18:55:00,08:15:00,800,1.0,No Info,14388
Jet Airways,2019-05-01,Kolkata,Banglore,17:00:00,21:05:00,1685,1.0,No Info,12121
Jet Airways,2019-03-12,Banglore,New Delhi,16:55:00,23:00:00,365,1.0,No Info,13817
Air India,2019-04-03,Delhi,Cochin,12:30:00,09:25:00,1255,1.0,No Info,5117
Jet Airways,2019-06-27,Delhi,Cochin,06:45:00,12:35:00,1790,2.0,In-flight meal not included,10919
Multiple Carriers,2019-06-12,Delhi,Cochin,07:10:00,16:10:00,540,1.0,No Info,6513
Air India,2019-06-24,Delhi,Cochin,07:05:00,09:25:00,1580,2.0,No Info,11185
Multiple Carriers,2019-06-27,Delhi,Cochin,06:00:00,12:35:00,395,1.0,In-flight meal not included,10791
Vistara,2019-06-09,Kolkata,Banglore,17:00:00,23:25:00,385,1.0,No Info,9870
Indigo,2019-05-27,Delhi,Cochin,11:25:00,01:30:00,845,1.0,No Info,6104
Jet Airways,2019-03-06,Banglore,New Delhi,08:00:00,23:00:00,900,1.0,No Info,16736
Air India,2019-05-09,Delhi,Cochin,09:45:00,23:00:00,795,1.0,No Info,7174
Spicejet,2019-05-12,Chennai,Kolkata,08:20:00,10:35:00,135,0.0,No Info,3597
Jet Airways,2019-06-15,Delhi,Cochin,09:00:00,19:00:00,600,1.0,No Info,14714
Vistara,2019-06-24,Banglore,Delhi,21:00:00,23:50:00,170,0.0,No Info,4668
Multiple Carriers,2019-05-09,Delhi,Cochin,11:40:00,01:30:00,830,1.0,No Info,9021
Jet Airways,2019-06-09,Delhi,Cochin,09:00:00,19:00:00,600,1.0,No Info,14714
Jet Airways,2019-03-21,Delhi,Cochin,15:00:00,18:50:00,1670,1.0,No Info,12767
Jet Airways,2019-06-06,Kolkata,Banglore,06:30:00,12:00:00,330,1.0,In-flight meal not included,10844
Air India,2019-03-15,Banglore,New Delhi,10:30:00,22:55:00,745,1.0,No Info,6383
Jet Airways,2019-05-24,Kolkata,Banglore,08:25:00,20:45:00,740,1.0,In-flight meal not included,10844
Spicejet,2019-06-21,Kolkata,Banglore,17:10:00,19:40:00,150,0.0,No check-in baggage included,3841
Air India,2019-06-06,Kolkata,Banglore,09:50:00,21:05:00,675,1.0,No Info,7452
Spicejet,2019-03-03,Delhi,Cochin,15:55:00,21:55:00,360,1.0,No Info,11349
Multiple Carriers,2019-05-27,Delhi,Cochin,11:40:00,01:30:00,830,1.0,No Info,6795
Air Asia,2019-04-24,Banglore,Delhi,11:10:00,13:55:00,165,0.0,No Info,3383
Jet Airways,2019-06-27,Delhi,Cochin,13:25:00,19:00:00,1775,2.0,No Info,15339
Air India,2019-04-24,Banglore,Delhi,10:00:00,12:45:00,165,0.0,No Info,6121
Jet Airways,2019-05-01,Kolkata,Banglore,09:35:00,14:25:00,1730,1.0,In-flight meal not included,9314
Air Asia,2019-05-15,Kolkata,Banglore,22:50:00,01:20:00,150,0.0,No Info,4107
Jet Airways,2019-03-03,Delhi,Cochin,02:15:00,04:25:00,1570,1.0,No Info,17024
Indigo,2019-06-24,Delhi,Cochin,05:10:00,10:05:00,295,1.0,No Info,6496
Goair,2019-05-27,Delhi,Cochin,07:00:00,12:55:00,355,1.0,No Info,5752
Vistara,2019-05-09,Kolkata,Banglore,17:00:00,18:50:00,1550,1.0,No Info,8820
Jet Airways,2019-05-15,Banglore,Delhi,18:55:00,22:00:00,185,0.0,In-flight meal not included,4030
Jet Airways,2019-06-12,Kolkata,Banglore,09:35:00,19:10:00,575,1.0,No Info,12692
Jet Airways,2019-05-21,Kolkata,Banglore,06:30:00,18:15:00,705,1.0,No Info,14781
Air India,2019-03-03,Delhi,Cochin,06:10:00,23:00:00,1010,1.0,No Info,13002
Jet Airways,2019-05-06,Kolkata,Banglore,21:10:00,10:05:00,775,1.0,No Info,13584
Jet Airways,2019-03-24,Banglore,New Delhi,19:55:00,22:35:00,160,0.0,No Info,7229
Air Asia,2019-05-27,Banglore,Delhi,11:10:00,13:55:00,165,0.0,No Info,3383
Multiple Carriers,2019-06-01,Delhi,Cochin,04:55:00,12:35:00,460,1.0,No Info,11098
Jet Airways,2019-06-21,Mumbai,Hyderabad,10:20:00,11:50:00,90,0.0,No Info,8040
Jet Airways,2019-04-06,Delhi,Cochin,07:05:00,12:35:00,330,1.0,In-flight meal not included,5406
Jet Airways,2019-05-06,Mumbai,Hyderabad,19:35:00,21:05:00,90,0.0,In-flight meal not included,2228
Spicejet,2019-06-27,Kolkata,Banglore,09:00:00,11:25:00,145,0.0,No Info,3873
Jet Airways,2019-06-27,Banglore,Delhi,06:00:00,08:45:00,165,0.0,In-flight meal not included,6478
Indigo,2019-06-03,Banglore,Delhi,18:55:00,21:50:00,175,0.0,No Info,4823
Air India,2019-03-27,Delhi,Cochin,13:30:00,08:15:00,1125,1.0,No Info,6681
Air Asia,2019-05-06,Kolkata,Banglore,07:35:00,23:30:00,955,1.0,No Info,5192
Jet Airways,2019-05-18,Delhi,Cochin,09:40:00,19:00:00,560,2.0,In-flight meal not included,13029
Jet Airways,2019-06-24,Mumbai,Hyderabad,02:55:00,04:20:00,85,0.0,In-flight meal not included,4050
Jet Airways,2019-05-21,Delhi,Cochin,22:50:00,19:00:00,1210,1.0,In-flight meal not included,12898
Multiple Carriers,2019-05-21,Delhi,Cochin,09:00:00,21:00:00,720,1.0,No Info,7888
Multiple Carriers,2019-06-24,Delhi,Cochin,09:45:00,22:30:00,765,1.0,No Info,9646
Indigo,2019-05-18,Chennai,Kolkata,07:55:00,10:15:00,140,0.0,No Info,3850
Indigo,2019-03-21,Delhi,Cochin,08:35:00,16:10:00,455,1.0,No Info,6790
Jet Airways,2019-06-06,Delhi,Cochin,09:25:00,04:25:00,1140,2.0,No Info,13882
Jet Airways,2019-05-18,Kolkata,Banglore,14:05:00,22:35:00,510,1.0,No Info,14781
Indigo,2019-03-15,Kolkata,Banglore,05:30:00,08:20:00,170,0.0,No Info,4148
Jet Airways,2019-06-06,Kolkata,Banglore,09:35:00,14:25:00,1730,1.0,In-flight meal not included,10539
Indigo,2019-06-15,Delhi,Cochin,15:10:00,20:00:00,290,1.0,No Info,6147
Air India,2019-05-21,Kolkata,Banglore,08:20:00,23:15:00,895,2.0,No Info,13164
Air India,2019-05-09,Delhi,Cochin,12:00:00,19:15:00,435,2.0,No Info,8918
Indigo,2019-06-24,Delhi,Cochin,07:35:00,16:10:00,515,1.0,No Info,6442
Vistara,2019-04-18,Banglore,Delhi,19:30:00,22:15:00,165,0.0,No Info,5823
Jet Airways,2019-03-15,Mumbai,Hyderabad,19:35:00,21:05:00,90,0.0,No Info,5678
Air Asia,2019-06-12,Kolkata,Banglore,10:20:00,12:55:00,155,0.0,No Info,3807
Jet Airways,2019-06-09,Banglore,Delhi,18:55:00,22:00:00,185,0.0,No Info,8016
Jet Airways,2019-06-24,Delhi,Cochin,14:00:00,19:00:00,300,1.0,No Info,14714
Jet Airways,2019-05-12,Kolkata,Banglore,14:05:00,19:50:00,345,1.0,In-flight meal not included,10844
Multiple Carriers,2019-06-27,Delhi,Cochin,08:00:00,21:00:00,780,1.0,No Info,13587
Indigo,2019-03-21,Delhi,Cochin,17:10:00,01:35:00,505,1.0,No Info,7318
Spicejet,2019-04-09,Kolkata,Banglore,17:10:00,19:40:00,150,0.0,No Info,3873
Jet Airways,2019-05-24,Kolkata,Banglore,20:25:00,10:55:00,870,1.0,No Info,13067
Indigo,2019-05-18,Delhi,Cochin,09:15:00,01:30:00,975,1.0,No Info,7503
Jet Airways,2019-06-27,Mumbai,Hyderabad,02:55:00,04:20:00,85,0.0,In-flight meal not included,3210
Vistara,2019-05-24,Kolkata,Banglore,07:10:00,23:25:00,975,1.0,No Info,9345
Multiple Carriers,2019-03-03,Delhi,Cochin,13:55:00,01:35:00,700,1.0,No Info,17057
Jet Airways,2019-05-24,Banglore,Delhi,17:45:00,20:45:00,180,0.0,In-flight meal not included,6144
Air India,2019-03-09,Banglore,New Delhi,21:10:00,23:55:00,165,0.0,No Info,4966
Jet Airways,2019-06-09,Kolkata,Banglore,06:30:00,23:35:00,1025,1.0,No Info,14571
Jet Airways,2019-03-21,Delhi,Cochin,06:20:00,04:25:00,1325,2.0,No Info,11538
Indigo,2019-06-24,Delhi,Cochin,05:35:00,08:50:00,195,0.0,No Info,5000
Jet Airways,2019-03-12,Banglore,New Delhi,21:25:00,12:25:00,900,1.0,No Info,13817
Jet Airways,2019-05-18,Kolkata,Banglore,20:25:00,19:10:00,1365,1.0,No Info,14151
Jet Airways,2019-05-06,Kolkata,Banglore,09:35:00,09:45:00,1450,1.0,In-flight meal not included,8066
Indigo,2019-06-12,Banglore,Delhi,10:10:00,13:00:00,170,0.0,No Info,3943
Jet Airways,2019-05-24,Kolkata,Banglore,14:05:00,09:20:00,1155,1.0,In-flight meal not included,9663
Vistara,2019-06-03,Banglore,Delhi,11:30:00,14:20:00,170,0.0,No Info,4668
Jet Airways,2019-06-15,Delhi,Cochin,19:45:00,12:35:00,1010,1.0,In-flight meal not included,10262
Indigo,2019-05-21,Kolkata,Banglore,15:30:00,18:05:00,155,0.0,No Info,4804
Multiple Carriers,2019-05-21,Delhi,Cochin,18:00:00,01:30:00,450,1.0,No Info,7888
Multiple Carriers,2019-03-06,Delhi,Cochin,07:30:00,21:00:00,810,1.0,No Info,15147
Multiple Carriers,2019-06-03,Delhi,Cochin,08:30:00,19:15:00,645,1.0,No Info,7677
